WordId,Word,Translation,ImagePath
1,suspendisse,arcu adipiscing molestie hendrerit at,http://dummyimage.com/140x100.png/5fa2dd/ffffff
2,ipsum,sed,http://dummyimage.com/238x100.png/dddddd/000000
3,pharetra,fusce consequat nulla nisl,http://dummyimage.com/102x100.png/dddddd/000000
4,cras,turpis,http://dummyimage.com/119x100.png/cc0000/ffffff
5,curae,justo in,http://dummyimage.com/153x100.png/ff4444/ffffff
6,erat,vivamus vel nulla,http://dummyimage.com/125x100.png/ff4444/ffffff
7,nunc,ipsum dolor,http://dummyimage.com/220x100.png/ff4444/ffffff
8,id,a odio in hac,http://dummyimage.com/164x100.png/cc0000/ffffff
9,in,a suscipit,http://dummyimage.com/134x100.png/cc0000/ffffff
10,massa,ipsum ac tellus,http://dummyimage.com/110x100.png/cc0000/ffffff
11,aliquet,congue vivamus metus arcu adipiscing,http://dummyimage.com/114x100.png/5fa2dd/ffffff
12,aliquet,ut ultrices vel augue vestibulum,http://dummyimage.com/183x100.png/5fa2dd/ffffff
13,ipsum,habitasse platea dictumst,http://dummyimage.com/215x100.png/cc0000/ffffff
14,interdum,cum sociis,http://dummyimage.com/130x100.png/dddddd/000000
15,felis,justo,http://dummyimage.com/120x100.png/dddddd/000000
16,venenatis,donec ut dolor morbi,http://dummyimage.com/166x100.png/cc0000/ffffff
17,ultrices,lorem ipsum dolor,http://dummyimage.com/181x100.png/cc0000/ffffff
18,curae,quis turpis eget elit,http://dummyimage.com/111x100.png/5fa2dd/ffffff
19,mauris,dui proin leo odio porttitor,http://dummyimage.com/204x100.png/dddddd/000000
20,integer,sit amet,http://dummyimage.com/221x100.png/5fa2dd/ffffff
21,nec,justo sollicitudin ut suscipit,http://dummyimage.com/127x100.png/5fa2dd/ffffff
22,fusce,a feugiat et,http://dummyimage.com/188x100.png/5fa2dd/ffffff
23,eleifend,pretium,http://dummyimage.com/144x100.png/5fa2dd/ffffff
24,quisque,nisl ut volutpat,http://dummyimage.com/243x100.png/cc0000/ffffff
25,vestibulum,odio curabitur convallis,http://dummyimage.com/123x100.png/dddddd/000000
26,congue,ut nulla sed,http://dummyimage.com/101x100.png/dddddd/000000
27,nisl,suspendisse accumsan tortor quis turpis,http://dummyimage.com/124x100.png/cc0000/ffffff
28,vulputate,nec sem duis aliquam,http://dummyimage.com/226x100.png/ff4444/ffffff
29,consequat,ultrices mattis odio donec,http://dummyimage.com/129x100.png/cc0000/ffffff
30,augue,eget tempus vel pede morbi,http://dummyimage.com/237x100.png/cc0000/ffffff
31,lacus,at lorem integer tincidunt,http://dummyimage.com/120x100.png/ff4444/ffffff
32,primis,semper sapien,http://dummyimage.com/218x100.png/dddddd/000000
33,in,at lorem integer tincidunt ante,http://dummyimage.com/169x100.png/5fa2dd/ffffff
34,lorem,nulla quisque,http://dummyimage.com/178x100.png/cc0000/ffffff
35,quam,ultrices,http://dummyimage.com/168x100.png/dddddd/000000
36,phasellus,tincidunt,http://dummyimage.com/222x100.png/dddddd/000000
37,lobortis,sed ante vivamus tortor,http://dummyimage.com/135x100.png/cc0000/ffffff
38,platea,est risus,http://dummyimage.com/135x100.png/5fa2dd/ffffff
39,praesent,potenti,http://dummyimage.com/169x100.png/dddddd/000000
40,semper,morbi,http://dummyimage.com/168x100.png/cc0000/ffffff
41,lobortis,urna ut tellus nulla ut,http://dummyimage.com/230x100.png/dddddd/000000
42,eu,convallis tortor risus dapibus,http://dummyimage.com/248x100.png/5fa2dd/ffffff
43,lectus,auctor gravida sem praesent id,http://dummyimage.com/198x100.png/5fa2dd/ffffff
44,mus,nunc commodo placerat praesent blandit,http://dummyimage.com/111x100.png/ff4444/ffffff
45,cras,imperdiet,http://dummyimage.com/186x100.png/5fa2dd/ffffff
46,lorem,risus dapibus,http://dummyimage.com/230x100.png/ff4444/ffffff
47,at,integer a nibh in quis,http://dummyimage.com/212x100.png/ff4444/ffffff
48,ut,ante ipsum,http://dummyimage.com/197x100.png/cc0000/ffffff
49,iaculis,cras pellentesque volutpat,http://dummyimage.com/216x100.png/ff4444/ffffff
50,orci,orci,http://dummyimage.com/163x100.png/cc0000/ffffff
51,gravida,in sapien,http://dummyimage.com/129x100.png/ff4444/ffffff
52,ac,platea dictumst etiam faucibus,http://dummyimage.com/250x100.png/cc0000/ffffff
53,blandit,dui maecenas,http://dummyimage.com/173x100.png/5fa2dd/ffffff
54,nibh,curae duis faucibus,http://dummyimage.com/101x100.png/5fa2dd/ffffff
55,hac,nisi eu orci mauris lacinia,http://dummyimage.com/170x100.png/ff4444/ffffff
56,nulla,at velit vivamus vel nulla,http://dummyimage.com/245x100.png/dddddd/000000
57,sapien,in hac habitasse,http://dummyimage.com/198x100.png/cc0000/ffffff
58,venenatis,montes nascetur,http://dummyimage.com/208x100.png/5fa2dd/ffffff
59,ut,nulla sed accumsan felis,http://dummyimage.com/215x100.png/dddddd/000000
60,orci,nisi at nibh in hac,http://dummyimage.com/132x100.png/5fa2dd/ffffff
61,maecenas,elit proin interdum mauris,http://dummyimage.com/159x100.png/ff4444/ffffff
62,imperdiet,tristique tortor eu,http://dummyimage.com/212x100.png/ff4444/ffffff
63,pretium,purus,http://dummyimage.com/186x100.png/cc0000/ffffff
64,sem,vel,http://dummyimage.com/151x100.png/cc0000/ffffff
65,porta,est lacinia nisi,http://dummyimage.com/239x100.png/ff4444/ffffff
66,consequat,magnis dis parturient montes,http://dummyimage.com/209x100.png/dddddd/000000
67,sed,suscipit,http://dummyimage.com/224x100.png/dddddd/000000
68,in,curabitur,http://dummyimage.com/222x100.png/cc0000/ffffff
69,pede,vulputate vitae nisl,http://dummyimage.com/184x100.png/cc0000/ffffff
70,pretium,in eleifend quam,http://dummyimage.com/115x100.png/cc0000/ffffff
71,vestibulum,eu,http://dummyimage.com/194x100.png/cc0000/ffffff
72,donec,magna vestibulum,http://dummyimage.com/227x100.png/ff4444/ffffff
73,montes,tristique in,http://dummyimage.com/248x100.png/ff4444/ffffff
74,sed,fermentum donec ut mauris,http://dummyimage.com/170x100.png/cc0000/ffffff
75,sapien,primis in faucibus orci,http://dummyimage.com/200x100.png/cc0000/ffffff
76,justo,etiam,http://dummyimage.com/209x100.png/5fa2dd/ffffff
77,tempor,sapien placerat ante nulla justo,http://dummyimage.com/163x100.png/5fa2dd/ffffff
78,luctus,montes,http://dummyimage.com/147x100.png/dddddd/000000
79,in,in sapien,http://dummyimage.com/201x100.png/cc0000/ffffff
80,at,sed augue aliquam,http://dummyimage.com/196x100.png/5fa2dd/ffffff
81,ultrices,dictumst morbi vestibulum velit id,http://dummyimage.com/246x100.png/cc0000/ffffff
82,justo,praesent lectus vestibulum,http://dummyimage.com/146x100.png/cc0000/ffffff
83,metus,in leo,http://dummyimage.com/184x100.png/ff4444/ffffff
84,ut,nisi volutpat eleifend,http://dummyimage.com/193x100.png/ff4444/ffffff
85,nulla,nulla tempus vivamus in felis,http://dummyimage.com/110x100.png/dddddd/000000
86,faucibus,a libero nam,http://dummyimage.com/146x100.png/5fa2dd/ffffff
87,lacus,velit nec nisi vulputate,http://dummyimage.com/221x100.png/ff4444/ffffff
88,leo,risus semper,http://dummyimage.com/131x100.png/dddddd/000000
89,tempor,in hac habitasse platea dictumst,http://dummyimage.com/120x100.png/cc0000/ffffff
90,ipsum,justo sit amet sapien dignissim,http://dummyimage.com/211x100.png/5fa2dd/ffffff
91,semper,purus aliquet at,http://dummyimage.com/150x100.png/dddddd/000000
92,curae,at,http://dummyimage.com/221x100.png/ff4444/ffffff
93,tristique,felis ut at dolor,http://dummyimage.com/157x100.png/5fa2dd/ffffff
94,praesent,nisi eu,http://dummyimage.com/129x100.png/ff4444/ffffff
95,urna,est,http://dummyimage.com/175x100.png/5fa2dd/ffffff
96,justo,in quam fringilla rhoncus mauris,http://dummyimage.com/153x100.png/cc0000/ffffff
97,amet,ac,http://dummyimage.com/199x100.png/5fa2dd/ffffff
98,nec,curae nulla dapibus dolor vel,http://dummyimage.com/107x100.png/cc0000/ffffff
99,turpis,quis lectus suspendisse potenti in,http://dummyimage.com/137x100.png/dddddd/000000
100,cursus,tincidunt eu felis,http://dummyimage.com/103x100.png/cc0000/ffffff
101,nam,elementum ligula vehicula consequat morbi,http://dummyimage.com/174x100.png/cc0000/ffffff
102,lacus,sem fusce consequat nulla nisl,http://dummyimage.com/147x100.png/dddddd/000000
103,commodo,non mauris morbi non lectus,http://dummyimage.com/152x100.png/dddddd/000000
104,nullam,id ligula suspendisse ornare consequat,http://dummyimage.com/151x100.png/5fa2dd/ffffff
105,rutrum,ultrices aliquet maecenas leo odio,http://dummyimage.com/165x100.png/dddddd/000000
106,tellus,vel,http://dummyimage.com/241x100.png/cc0000/ffffff
107,sed,amet consectetuer adipiscing elit proin,http://dummyimage.com/205x100.png/5fa2dd/ffffff
108,magnis,eleifend pede libero,http://dummyimage.com/169x100.png/dddddd/000000
109,iaculis,justo pellentesque viverra pede,http://dummyimage.com/199x100.png/ff4444/ffffff
110,donec,pede libero,http://dummyimage.com/209x100.png/cc0000/ffffff
111,suspendisse,eget eleifend,http://dummyimage.com/218x100.png/dddddd/000000
112,nulla,luctus et ultrices,http://dummyimage.com/109x100.png/cc0000/ffffff
113,neque,non velit nec nisi vulputate,http://dummyimage.com/130x100.png/5fa2dd/ffffff
114,pede,a,http://dummyimage.com/134x100.png/cc0000/ffffff
115,in,amet turpis elementum ligula vehicula,http://dummyimage.com/237x100.png/5fa2dd/ffffff
116,quis,massa id lobortis convallis tortor,http://dummyimage.com/214x100.png/cc0000/ffffff
117,augue,augue,http://dummyimage.com/137x100.png/5fa2dd/ffffff
118,pharetra,ut ultrices vel augue,http://dummyimage.com/246x100.png/cc0000/ffffff
119,duis,pellentesque quisque porta volutpat erat,http://dummyimage.com/101x100.png/cc0000/ffffff
120,primis,eleifend donec ut dolor morbi,http://dummyimage.com/189x100.png/ff4444/ffffff
121,libero,proin risus praesent,http://dummyimage.com/145x100.png/cc0000/ffffff
122,eget,consequat nulla nisl,http://dummyimage.com/105x100.png/ff4444/ffffff
123,sed,sed justo pellentesque viverra pede,http://dummyimage.com/127x100.png/5fa2dd/ffffff
124,pulvinar,eget nunc donec quis,http://dummyimage.com/169x100.png/dddddd/000000
125,dignissim,nulla,http://dummyimage.com/227x100.png/cc0000/ffffff
126,tincidunt,rutrum ac lobortis vel dapibus,http://dummyimage.com/171x100.png/cc0000/ffffff
127,vivamus,dolor morbi vel lectus,http://dummyimage.com/214x100.png/dddddd/000000
128,rutrum,semper porta,http://dummyimage.com/116x100.png/dddddd/000000
129,in,massa donec dapibus duis at,http://dummyimage.com/171x100.png/cc0000/ffffff
130,varius,nisl,http://dummyimage.com/183x100.png/5fa2dd/ffffff
131,urna,metus arcu adipiscing molestie,http://dummyimage.com/146x100.png/5fa2dd/ffffff
132,vivamus,posuere cubilia curae nulla,http://dummyimage.com/215x100.png/dddddd/000000
133,pellentesque,vestibulum eget vulputate ut ultrices,http://dummyimage.com/155x100.png/ff4444/ffffff
134,a,sit amet cursus id,http://dummyimage.com/137x100.png/5fa2dd/ffffff
135,suspendisse,felis fusce posuere felis,http://dummyimage.com/155x100.png/ff4444/ffffff
136,curae,amet turpis elementum ligula vehicula,http://dummyimage.com/197x100.png/dddddd/000000
137,magna,lectus pellentesque,http://dummyimage.com/220x100.png/ff4444/ffffff
138,tristique,fermentum donec ut mauris eget,http://dummyimage.com/127x100.png/dddddd/000000
139,dolor,luctus et ultrices posuere cubilia,http://dummyimage.com/128x100.png/dddddd/000000
140,praesent,vestibulum rutrum,http://dummyimage.com/216x100.png/cc0000/ffffff
141,proin,mi,http://dummyimage.com/209x100.png/cc0000/ffffff
142,augue,at,http://dummyimage.com/118x100.png/cc0000/ffffff
143,mattis,suspendisse potenti,http://dummyimage.com/123x100.png/dddddd/000000
144,mattis,posuere,http://dummyimage.com/145x100.png/dddddd/000000
145,nullam,ullamcorper augue a suscipit,http://dummyimage.com/176x100.png/dddddd/000000
146,dui,rhoncus aliquam lacus morbi quis,http://dummyimage.com/115x100.png/dddddd/000000
147,posuere,quis tortor,http://dummyimage.com/249x100.png/ff4444/ffffff
148,eget,felis sed lacus morbi sem,http://dummyimage.com/105x100.png/ff4444/ffffff
149,in,ultrices mattis odio,http://dummyimage.com/121x100.png/ff4444/ffffff
150,convallis,donec odio justo sollicitudin,http://dummyimage.com/160x100.png/cc0000/ffffff
151,eget,in faucibus orci luctus,http://dummyimage.com/119x100.png/ff4444/ffffff
152,in,luctus rutrum,http://dummyimage.com/151x100.png/cc0000/ffffff
153,pede,ac consequat metus,http://dummyimage.com/188x100.png/dddddd/000000
154,ipsum,proin leo odio porttitor,http://dummyimage.com/131x100.png/5fa2dd/ffffff
155,sapien,molestie sed justo pellentesque viverra,http://dummyimage.com/168x100.png/cc0000/ffffff
156,consequat,magna bibendum imperdiet nullam orci,http://dummyimage.com/108x100.png/dddddd/000000
157,quis,a libero nam,http://dummyimage.com/129x100.png/5fa2dd/ffffff
158,erat,diam cras pellentesque,http://dummyimage.com/231x100.png/cc0000/ffffff
159,duis,ac neque duis bibendum morbi,http://dummyimage.com/212x100.png/dddddd/000000
160,penatibus,blandit non interdum in,http://dummyimage.com/155x100.png/5fa2dd/ffffff
161,sit,tortor duis mattis egestas metus,http://dummyimage.com/163x100.png/ff4444/ffffff
162,vestibulum,fermentum donec ut mauris eget,http://dummyimage.com/194x100.png/5fa2dd/ffffff
163,porta,dis,http://dummyimage.com/121x100.png/dddddd/000000
164,non,ridiculus mus vivamus,http://dummyimage.com/182x100.png/5fa2dd/ffffff
165,vestibulum,cum,http://dummyimage.com/157x100.png/ff4444/ffffff
166,vel,diam erat fermentum,http://dummyimage.com/114x100.png/cc0000/ffffff
167,in,at ipsum,http://dummyimage.com/121x100.png/cc0000/ffffff
168,aliquam,enim in tempor,http://dummyimage.com/230x100.png/ff4444/ffffff
169,orci,mauris,http://dummyimage.com/195x100.png/cc0000/ffffff
170,condimentum,semper,http://dummyimage.com/221x100.png/cc0000/ffffff
171,cursus,venenatis lacinia aenean sit amet,http://dummyimage.com/204x100.png/cc0000/ffffff
172,fringilla,cursus vestibulum proin,http://dummyimage.com/149x100.png/ff4444/ffffff
173,ac,sem sed sagittis,http://dummyimage.com/155x100.png/5fa2dd/ffffff
174,in,odio porttitor id,http://dummyimage.com/166x100.png/dddddd/000000
175,nisl,malesuada in imperdiet,http://dummyimage.com/182x100.png/ff4444/ffffff
176,dui,pellentesque eget nunc,http://dummyimage.com/112x100.png/cc0000/ffffff
177,nulla,mauris vulputate elementum nullam,http://dummyimage.com/171x100.png/5fa2dd/ffffff
178,metus,varius,http://dummyimage.com/234x100.png/cc0000/ffffff
179,nulla,phasellus sit amet erat,http://dummyimage.com/189x100.png/cc0000/ffffff
180,natoque,lectus pellentesque eget nunc,http://dummyimage.com/133x100.png/ff4444/ffffff
181,scelerisque,adipiscing molestie hendrerit,http://dummyimage.com/199x100.png/cc0000/ffffff
182,volutpat,tempus vel pede morbi porttitor,http://dummyimage.com/156x100.png/5fa2dd/ffffff
183,elementum,vitae mattis nibh,http://dummyimage.com/101x100.png/ff4444/ffffff
184,vel,eros elementum,http://dummyimage.com/199x100.png/ff4444/ffffff
185,vestibulum,potenti nullam porttitor lacus at,http://dummyimage.com/108x100.png/cc0000/ffffff
186,lobortis,nunc proin,http://dummyimage.com/224x100.png/cc0000/ffffff
187,adipiscing,varius ut,http://dummyimage.com/246x100.png/cc0000/ffffff
188,quam,eu interdum eu tincidunt in,http://dummyimage.com/174x100.png/cc0000/ffffff
189,pellentesque,purus phasellus,http://dummyimage.com/242x100.png/ff4444/ffffff
190,ut,in faucibus,http://dummyimage.com/120x100.png/5fa2dd/ffffff
191,pede,et eros vestibulum,http://dummyimage.com/100x100.png/cc0000/ffffff
192,parturient,nullam porttitor lacus,http://dummyimage.com/234x100.png/ff4444/ffffff
193,lacus,pede malesuada in imperdiet,http://dummyimage.com/222x100.png/5fa2dd/ffffff
194,interdum,sit,http://dummyimage.com/155x100.png/cc0000/ffffff
195,volutpat,semper rutrum,http://dummyimage.com/239x100.png/ff4444/ffffff
196,luctus,diam id,http://dummyimage.com/110x100.png/ff4444/ffffff
197,magna,vivamus metus arcu adipiscing molestie,http://dummyimage.com/197x100.png/5fa2dd/ffffff
198,rhoncus,leo rhoncus,http://dummyimage.com/163x100.png/cc0000/ffffff
199,vehicula,fermentum donec ut mauris eget,http://dummyimage.com/178x100.png/cc0000/ffffff
200,nunc,aliquet pulvinar sed nisl nunc,http://dummyimage.com/181x100.png/ff4444/ffffff
201,erat,ornare consequat lectus in,http://dummyimage.com/177x100.png/ff4444/ffffff
202,sit,nisi nam ultrices,http://dummyimage.com/195x100.png/dddddd/000000
203,non,interdum venenatis turpis enim,http://dummyimage.com/133x100.png/5fa2dd/ffffff
204,et,tincidunt ante,http://dummyimage.com/141x100.png/ff4444/ffffff
205,odio,quam suspendisse potenti,http://dummyimage.com/204x100.png/cc0000/ffffff
206,risus,vestibulum sed magna,http://dummyimage.com/186x100.png/ff4444/ffffff
207,semper,luctus cum sociis natoque,http://dummyimage.com/209x100.png/cc0000/ffffff
208,mi,ultricies eu nibh,http://dummyimage.com/155x100.png/ff4444/ffffff
209,in,pellentesque ultrices mattis odio donec,http://dummyimage.com/161x100.png/dddddd/000000
210,nunc,platea dictumst maecenas ut massa,http://dummyimage.com/103x100.png/cc0000/ffffff
211,semper,lacinia eget,http://dummyimage.com/241x100.png/5fa2dd/ffffff
212,ipsum,neque duis,http://dummyimage.com/175x100.png/dddddd/000000
213,purus,nullam varius,http://dummyimage.com/172x100.png/5fa2dd/ffffff
214,quis,parturient montes nascetur,http://dummyimage.com/246x100.png/cc0000/ffffff
215,semper,sit amet,http://dummyimage.com/168x100.png/cc0000/ffffff
216,dis,morbi sem mauris,http://dummyimage.com/213x100.png/dddddd/000000
217,gravida,sollicitudin vitae consectetuer,http://dummyimage.com/132x100.png/cc0000/ffffff
218,maecenas,neque,http://dummyimage.com/239x100.png/ff4444/ffffff
219,nunc,scelerisque quam turpis adipiscing lorem,http://dummyimage.com/177x100.png/dddddd/000000
220,vitae,pharetra,http://dummyimage.com/227x100.png/cc0000/ffffff
221,pede,ut,http://dummyimage.com/104x100.png/ff4444/ffffff
222,suspendisse,pulvinar sed nisl nunc rhoncus,http://dummyimage.com/166x100.png/ff4444/ffffff
223,adipiscing,integer ac neque duis,http://dummyimage.com/171x100.png/cc0000/ffffff
224,libero,ridiculus mus etiam vel augue,http://dummyimage.com/229x100.png/5fa2dd/ffffff
225,nec,vitae quam suspendisse potenti,http://dummyimage.com/247x100.png/ff4444/ffffff
226,primis,ut nunc vestibulum ante,http://dummyimage.com/157x100.png/cc0000/ffffff
227,in,ut nunc vestibulum,http://dummyimage.com/128x100.png/dddddd/000000
228,et,orci luctus et ultrices,http://dummyimage.com/173x100.png/cc0000/ffffff
229,quam,faucibus accumsan odio curabitur convallis,http://dummyimage.com/132x100.png/5fa2dd/ffffff
230,sed,semper est quam pharetra,http://dummyimage.com/215x100.png/cc0000/ffffff
231,in,sed magna,http://dummyimage.com/139x100.png/dddddd/000000
232,nullam,pede justo lacinia,http://dummyimage.com/167x100.png/dddddd/000000
233,eu,mauris vulputate,http://dummyimage.com/157x100.png/cc0000/ffffff
234,massa,cum sociis natoque penatibus,http://dummyimage.com/227x100.png/ff4444/ffffff
235,at,maecenas leo,http://dummyimage.com/155x100.png/ff4444/ffffff
236,condimentum,penatibus et magnis dis,http://dummyimage.com/147x100.png/cc0000/ffffff
237,sapien,blandit non,http://dummyimage.com/131x100.png/cc0000/ffffff
238,varius,potenti nullam porttitor lacus,http://dummyimage.com/161x100.png/5fa2dd/ffffff
239,libero,ligula in lacus,http://dummyimage.com/177x100.png/cc0000/ffffff
240,etiam,pharetra magna vestibulum,http://dummyimage.com/232x100.png/dddddd/000000
241,mi,parturient,http://dummyimage.com/243x100.png/5fa2dd/ffffff
242,habitasse,in quis justo maecenas rhoncus,http://dummyimage.com/105x100.png/5fa2dd/ffffff
243,lacinia,urna,http://dummyimage.com/181x100.png/cc0000/ffffff
244,nam,nulla,http://dummyimage.com/136x100.png/cc0000/ffffff
245,nec,etiam justo,http://dummyimage.com/174x100.png/dddddd/000000
246,augue,vestibulum velit id pretium,http://dummyimage.com/123x100.png/cc0000/ffffff
247,dapibus,justo maecenas rhoncus aliquam,http://dummyimage.com/102x100.png/dddddd/000000
248,risus,condimentum neque,http://dummyimage.com/122x100.png/ff4444/ffffff
249,dictumst,morbi,http://dummyimage.com/145x100.png/cc0000/ffffff
250,pellentesque,lectus in est risus,http://dummyimage.com/243x100.png/5fa2dd/ffffff
251,mi,orci luctus et,http://dummyimage.com/137x100.png/ff4444/ffffff
252,at,nibh in lectus pellentesque,http://dummyimage.com/156x100.png/5fa2dd/ffffff
253,commodo,quis,http://dummyimage.com/185x100.png/5fa2dd/ffffff
254,justo,ut mauris eget massa,http://dummyimage.com/122x100.png/ff4444/ffffff
255,nunc,sem mauris,http://dummyimage.com/199x100.png/cc0000/ffffff
256,elementum,sapien,http://dummyimage.com/181x100.png/cc0000/ffffff
257,a,at nunc commodo placerat,http://dummyimage.com/142x100.png/ff4444/ffffff
258,duis,libero rutrum ac lobortis,http://dummyimage.com/213x100.png/5fa2dd/ffffff
259,adipiscing,eu sapien cursus vestibulum proin,http://dummyimage.com/235x100.png/ff4444/ffffff
260,lorem,risus auctor sed,http://dummyimage.com/227x100.png/dddddd/000000
261,fringilla,eget,http://dummyimage.com/171x100.png/dddddd/000000
262,tortor,magna vulputate luctus cum sociis,http://dummyimage.com/122x100.png/ff4444/ffffff
263,nulla,lacus purus aliquet at feugiat,http://dummyimage.com/187x100.png/ff4444/ffffff
264,volutpat,bibendum imperdiet nullam,http://dummyimage.com/176x100.png/ff4444/ffffff
265,nec,accumsan,http://dummyimage.com/240x100.png/5fa2dd/ffffff
266,ut,consequat,http://dummyimage.com/155x100.png/cc0000/ffffff
267,vel,cras non velit nec nisi,http://dummyimage.com/209x100.png/ff4444/ffffff
268,morbi,massa id lobortis convallis tortor,http://dummyimage.com/190x100.png/cc0000/ffffff
269,praesent,nisi,http://dummyimage.com/237x100.png/5fa2dd/ffffff
270,morbi,faucibus accumsan odio curabitur convallis,http://dummyimage.com/235x100.png/ff4444/ffffff
271,vitae,pharetra magna ac consequat,http://dummyimage.com/110x100.png/dddddd/000000
272,lacinia,quis augue luctus tincidunt,http://dummyimage.com/212x100.png/dddddd/000000
273,sodales,rutrum at lorem,http://dummyimage.com/240x100.png/ff4444/ffffff
274,sollicitudin,consequat nulla nisl,http://dummyimage.com/162x100.png/5fa2dd/ffffff
275,massa,elit,http://dummyimage.com/237x100.png/cc0000/ffffff
276,sit,pede ullamcorper augue a,http://dummyimage.com/213x100.png/dddddd/000000
277,sed,pellentesque viverra pede,http://dummyimage.com/133x100.png/cc0000/ffffff
278,neque,at,http://dummyimage.com/108x100.png/dddddd/000000
279,pede,nisl duis bibendum felis sed,http://dummyimage.com/218x100.png/5fa2dd/ffffff
280,commodo,sagittis,http://dummyimage.com/205x100.png/ff4444/ffffff
281,eget,eu orci,http://dummyimage.com/111x100.png/dddddd/000000
282,integer,feugiat non,http://dummyimage.com/155x100.png/dddddd/000000
283,integer,ante ipsum,http://dummyimage.com/249x100.png/5fa2dd/ffffff
284,sapien,venenatis turpis enim blandit,http://dummyimage.com/240x100.png/ff4444/ffffff
285,in,blandit non interdum in ante,http://dummyimage.com/102x100.png/5fa2dd/ffffff
286,praesent,et,http://dummyimage.com/192x100.png/cc0000/ffffff
287,dapibus,rutrum neque aenean,http://dummyimage.com/109x100.png/ff4444/ffffff
288,justo,non velit donec diam neque,http://dummyimage.com/168x100.png/dddddd/000000
289,adipiscing,odio porttitor id consequat,http://dummyimage.com/191x100.png/5fa2dd/ffffff
290,interdum,amet cursus id turpis,http://dummyimage.com/141x100.png/ff4444/ffffff
291,vel,turpis eget elit sodales scelerisque,http://dummyimage.com/183x100.png/ff4444/ffffff
292,vitae,ornare consequat,http://dummyimage.com/188x100.png/ff4444/ffffff
293,orci,maecenas tristique est et tempus,http://dummyimage.com/248x100.png/5fa2dd/ffffff
294,dictumst,sapien varius,http://dummyimage.com/186x100.png/dddddd/000000
295,duis,velit id pretium iaculis,http://dummyimage.com/188x100.png/5fa2dd/ffffff
296,tincidunt,porttitor,http://dummyimage.com/247x100.png/dddddd/000000
297,iaculis,pellentesque at nulla,http://dummyimage.com/211x100.png/dddddd/000000
298,ut,molestie nibh in lectus,http://dummyimage.com/140x100.png/ff4444/ffffff
299,in,sapien a libero nam dui,http://dummyimage.com/226x100.png/dddddd/000000
300,in,orci,http://dummyimage.com/213x100.png/ff4444/ffffff
301,eget,accumsan odio curabitur,http://dummyimage.com/108x100.png/dddddd/000000
302,nulla,tortor risus dapibus,http://dummyimage.com/104x100.png/cc0000/ffffff
303,justo,nisi eu,http://dummyimage.com/137x100.png/dddddd/000000
304,id,dapibus at diam nam tristique,http://dummyimage.com/226x100.png/ff4444/ffffff
305,congue,pede malesuada in,http://dummyimage.com/114x100.png/ff4444/ffffff
306,id,quis turpis eget elit sodales,http://dummyimage.com/218x100.png/dddddd/000000
307,lacinia,mattis,http://dummyimage.com/108x100.png/ff4444/ffffff
308,a,a libero nam dui proin,http://dummyimage.com/145x100.png/cc0000/ffffff
309,lacinia,fusce consequat,http://dummyimage.com/160x100.png/5fa2dd/ffffff
310,at,velit,http://dummyimage.com/156x100.png/ff4444/ffffff
311,at,metus sapien,http://dummyimage.com/164x100.png/dddddd/000000
312,enim,imperdiet,http://dummyimage.com/234x100.png/cc0000/ffffff
313,convallis,amet turpis,http://dummyimage.com/143x100.png/ff4444/ffffff
314,ipsum,tortor eu,http://dummyimage.com/221x100.png/dddddd/000000
315,aliquam,lorem vitae,http://dummyimage.com/173x100.png/cc0000/ffffff
316,a,hendrerit at,http://dummyimage.com/158x100.png/cc0000/ffffff
317,et,eros,http://dummyimage.com/153x100.png/ff4444/ffffff
318,commodo,blandit non,http://dummyimage.com/165x100.png/cc0000/ffffff
319,nisl,consequat metus,http://dummyimage.com/197x100.png/dddddd/000000
320,diam,volutpat dui maecenas,http://dummyimage.com/116x100.png/ff4444/ffffff
321,sed,etiam vel,http://dummyimage.com/215x100.png/dddddd/000000
322,ac,non mi,http://dummyimage.com/125x100.png/ff4444/ffffff
323,dolor,eget rutrum at,http://dummyimage.com/171x100.png/cc0000/ffffff
324,orci,tellus in sagittis dui vel,http://dummyimage.com/228x100.png/ff4444/ffffff
325,ligula,tempor turpis nec euismod,http://dummyimage.com/217x100.png/5fa2dd/ffffff
326,duis,quisque erat eros viverra,http://dummyimage.com/123x100.png/ff4444/ffffff
327,diam,nec euismod scelerisque quam turpis,http://dummyimage.com/161x100.png/5fa2dd/ffffff
328,leo,curabitur convallis duis,http://dummyimage.com/128x100.png/ff4444/ffffff
329,enim,odio elementum eu,http://dummyimage.com/206x100.png/cc0000/ffffff
330,mauris,nullam sit amet,http://dummyimage.com/139x100.png/5fa2dd/ffffff
331,sit,ut,http://dummyimage.com/246x100.png/ff4444/ffffff
332,lobortis,a libero nam dui proin,http://dummyimage.com/134x100.png/5fa2dd/ffffff
333,sed,ac diam,http://dummyimage.com/238x100.png/dddddd/000000
334,quis,odio,http://dummyimage.com/177x100.png/ff4444/ffffff
335,auctor,erat,http://dummyimage.com/240x100.png/cc0000/ffffff
336,ac,varius ut blandit non,http://dummyimage.com/197x100.png/ff4444/ffffff
337,quam,tortor sollicitudin mi sit,http://dummyimage.com/202x100.png/ff4444/ffffff
338,libero,vestibulum aliquet ultrices,http://dummyimage.com/141x100.png/dddddd/000000
339,erat,hac habitasse,http://dummyimage.com/181x100.png/5fa2dd/ffffff
340,posuere,sollicitudin ut suscipit,http://dummyimage.com/201x100.png/ff4444/ffffff
341,blandit,est phasellus sit amet erat,http://dummyimage.com/136x100.png/dddddd/000000
342,sed,interdum in,http://dummyimage.com/110x100.png/dddddd/000000
343,sed,tortor eu,http://dummyimage.com/122x100.png/dddddd/000000
344,ridiculus,amet diam in,http://dummyimage.com/174x100.png/cc0000/ffffff
345,faucibus,maecenas tristique est et,http://dummyimage.com/183x100.png/cc0000/ffffff
346,ut,consequat morbi,http://dummyimage.com/128x100.png/dddddd/000000
347,ultrices,bibendum morbi,http://dummyimage.com/239x100.png/cc0000/ffffff
348,morbi,nisl nunc rhoncus,http://dummyimage.com/130x100.png/5fa2dd/ffffff
349,in,imperdiet et commodo,http://dummyimage.com/223x100.png/ff4444/ffffff
350,et,scelerisque,http://dummyimage.com/103x100.png/5fa2dd/ffffff
351,ultrices,dolor sit amet,http://dummyimage.com/128x100.png/cc0000/ffffff
352,ac,bibendum felis sed interdum,http://dummyimage.com/170x100.png/ff4444/ffffff
353,platea,vestibulum rutrum rutrum neque,http://dummyimage.com/180x100.png/dddddd/000000
354,lacinia,libero non mattis pulvinar nulla,http://dummyimage.com/237x100.png/5fa2dd/ffffff
355,lorem,ut massa,http://dummyimage.com/120x100.png/5fa2dd/ffffff
356,tincidunt,justo in,http://dummyimage.com/142x100.png/cc0000/ffffff
357,nulla,vulputate vitae nisl aenean,http://dummyimage.com/117x100.png/dddddd/000000
358,mollis,vestibulum ante ipsum primis in,http://dummyimage.com/106x100.png/cc0000/ffffff
359,arcu,parturient montes nascetur,http://dummyimage.com/208x100.png/dddddd/000000
360,lacinia,ligula nec sem duis,http://dummyimage.com/120x100.png/5fa2dd/ffffff
361,eu,porttitor lorem,http://dummyimage.com/163x100.png/cc0000/ffffff
362,tristique,mauris ullamcorper purus sit,http://dummyimage.com/198x100.png/ff4444/ffffff
363,mus,dictumst aliquam augue,http://dummyimage.com/204x100.png/ff4444/ffffff
364,justo,nec,http://dummyimage.com/100x100.png/ff4444/ffffff
365,in,pede lobortis ligula sit,http://dummyimage.com/126x100.png/cc0000/ffffff
366,pede,pede malesuada,http://dummyimage.com/209x100.png/ff4444/ffffff
367,nulla,velit id pretium iaculis diam,http://dummyimage.com/103x100.png/5fa2dd/ffffff
368,magna,quam sapien,http://dummyimage.com/230x100.png/dddddd/000000
369,aenean,nisl duis ac nibh,http://dummyimage.com/190x100.png/5fa2dd/ffffff
370,at,fusce,http://dummyimage.com/236x100.png/dddddd/000000
371,sit,venenatis lacinia aenean sit amet,http://dummyimage.com/217x100.png/cc0000/ffffff
372,habitasse,suscipit a feugiat et eros,http://dummyimage.com/119x100.png/cc0000/ffffff
373,tincidunt,in est risus,http://dummyimage.com/216x100.png/ff4444/ffffff
374,ultrices,platea dictumst,http://dummyimage.com/247x100.png/5fa2dd/ffffff
375,sociis,dolor vel est donec odio,http://dummyimage.com/233x100.png/ff4444/ffffff
376,ut,aliquam,http://dummyimage.com/179x100.png/ff4444/ffffff
377,nam,scelerisque quam turpis adipiscing lorem,http://dummyimage.com/148x100.png/ff4444/ffffff
378,tortor,fermentum donec ut,http://dummyimage.com/151x100.png/5fa2dd/ffffff
379,ut,ut,http://dummyimage.com/114x100.png/cc0000/ffffff
380,pretium,non quam nec dui,http://dummyimage.com/202x100.png/dddddd/000000
381,morbi,potenti nullam porttitor,http://dummyimage.com/182x100.png/5fa2dd/ffffff
382,curae,magna vulputate luctus cum,http://dummyimage.com/101x100.png/5fa2dd/ffffff
383,a,enim leo rhoncus sed vestibulum,http://dummyimage.com/242x100.png/cc0000/ffffff
384,lobortis,amet,http://dummyimage.com/141x100.png/dddddd/000000
385,nisi,tellus nisi eu,http://dummyimage.com/166x100.png/cc0000/ffffff
386,eget,ipsum aliquam non mauris morbi,http://dummyimage.com/127x100.png/ff4444/ffffff
387,ac,lectus in est risus auctor,http://dummyimage.com/109x100.png/ff4444/ffffff
388,quisque,est lacinia,http://dummyimage.com/179x100.png/5fa2dd/ffffff
389,urna,eleifend luctus,http://dummyimage.com/200x100.png/ff4444/ffffff
390,vivamus,augue,http://dummyimage.com/159x100.png/5fa2dd/ffffff
391,sapien,sagittis dui vel nisl duis,http://dummyimage.com/203x100.png/cc0000/ffffff
392,gravida,at feugiat non pretium quis,http://dummyimage.com/199x100.png/cc0000/ffffff
393,tempus,imperdiet nullam,http://dummyimage.com/176x100.png/ff4444/ffffff
394,quis,semper porta,http://dummyimage.com/131x100.png/dddddd/000000
395,quis,faucibus orci luctus et,http://dummyimage.com/123x100.png/ff4444/ffffff
396,quam,vestibulum ante ipsum primis,http://dummyimage.com/148x100.png/dddddd/000000
397,aliquam,montes nascetur ridiculus mus,http://dummyimage.com/227x100.png/5fa2dd/ffffff
398,et,nam congue risus semper porta,http://dummyimage.com/214x100.png/dddddd/000000
399,eget,posuere metus vitae ipsum aliquam,http://dummyimage.com/175x100.png/cc0000/ffffff
400,non,lorem,http://dummyimage.com/135x100.png/ff4444/ffffff
401,mi,dapibus at diam nam tristique,http://dummyimage.com/165x100.png/cc0000/ffffff
402,nec,vel pede,http://dummyimage.com/205x100.png/ff4444/ffffff
403,consequat,tortor quis turpis sed,http://dummyimage.com/103x100.png/cc0000/ffffff
404,non,mi in porttitor pede,http://dummyimage.com/225x100.png/dddddd/000000
405,vel,pharetra magna vestibulum,http://dummyimage.com/250x100.png/cc0000/ffffff
406,magna,dis parturient,http://dummyimage.com/115x100.png/dddddd/000000
407,lacus,euismod scelerisque quam turpis adipiscing,http://dummyimage.com/248x100.png/5fa2dd/ffffff
408,pede,nulla pede ullamcorper augue a,http://dummyimage.com/120x100.png/5fa2dd/ffffff
409,eu,sagittis dui,http://dummyimage.com/146x100.png/5fa2dd/ffffff
410,leo,dapibus at diam nam,http://dummyimage.com/153x100.png/cc0000/ffffff
411,sed,quis,http://dummyimage.com/180x100.png/ff4444/ffffff
412,diam,proin interdum mauris non,http://dummyimage.com/101x100.png/ff4444/ffffff
413,placerat,vestibulum ac est lacinia nisi,http://dummyimage.com/187x100.png/cc0000/ffffff
414,quis,libero,http://dummyimage.com/152x100.png/dddddd/000000
415,duis,mattis,http://dummyimage.com/242x100.png/5fa2dd/ffffff
416,interdum,etiam,http://dummyimage.com/236x100.png/dddddd/000000
417,quam,ipsum aliquam non,http://dummyimage.com/109x100.png/5fa2dd/ffffff
418,rhoncus,ut massa,http://dummyimage.com/135x100.png/dddddd/000000
419,leo,quis,http://dummyimage.com/181x100.png/cc0000/ffffff
420,ut,ac tellus semper interdum mauris,http://dummyimage.com/181x100.png/cc0000/ffffff
421,viverra,nulla suspendisse potenti,http://dummyimage.com/157x100.png/dddddd/000000
422,ac,convallis nulla neque libero convallis,http://dummyimage.com/140x100.png/cc0000/ffffff
423,leo,pede justo,http://dummyimage.com/190x100.png/cc0000/ffffff
424,dis,lectus aliquam sit,http://dummyimage.com/160x100.png/dddddd/000000
425,lorem,nisi,http://dummyimage.com/161x100.png/cc0000/ffffff
426,quam,vehicula consequat morbi a ipsum,http://dummyimage.com/202x100.png/5fa2dd/ffffff
427,ultrices,condimentum curabitur in libero,http://dummyimage.com/205x100.png/cc0000/ffffff
428,posuere,dapibus duis,http://dummyimage.com/167x100.png/dddddd/000000
429,luctus,ut erat id mauris vulputate,http://dummyimage.com/102x100.png/dddddd/000000
430,nulla,in faucibus orci,http://dummyimage.com/147x100.png/ff4444/ffffff
431,vel,dolor vel,http://dummyimage.com/142x100.png/ff4444/ffffff
432,faucibus,magna,http://dummyimage.com/188x100.png/cc0000/ffffff
433,aliquam,ut blandit non,http://dummyimage.com/159x100.png/dddddd/000000
434,vel,rutrum ac lobortis vel dapibus,http://dummyimage.com/192x100.png/dddddd/000000
435,aliquet,montes nascetur ridiculus mus etiam,http://dummyimage.com/115x100.png/cc0000/ffffff
436,lacus,orci eget orci vehicula,http://dummyimage.com/100x100.png/cc0000/ffffff
437,mollis,suspendisse potenti nullam,http://dummyimage.com/184x100.png/cc0000/ffffff
438,curabitur,egestas metus aenean,http://dummyimage.com/229x100.png/cc0000/ffffff
439,congue,sit amet,http://dummyimage.com/201x100.png/5fa2dd/ffffff
440,in,vestibulum ante ipsum,http://dummyimage.com/149x100.png/5fa2dd/ffffff
441,donec,lobortis,http://dummyimage.com/145x100.png/ff4444/ffffff
442,consequat,nisl nunc rhoncus,http://dummyimage.com/199x100.png/dddddd/000000
443,pretium,sapien arcu,http://dummyimage.com/130x100.png/5fa2dd/ffffff
444,elit,nulla nunc,http://dummyimage.com/136x100.png/cc0000/ffffff
445,eu,sed,http://dummyimage.com/124x100.png/cc0000/ffffff
446,ut,volutpat,http://dummyimage.com/222x100.png/ff4444/ffffff
447,justo,nec molestie,http://dummyimage.com/105x100.png/ff4444/ffffff
448,penatibus,mi sit amet,http://dummyimage.com/209x100.png/5fa2dd/ffffff
449,lacinia,tempus,http://dummyimage.com/120x100.png/ff4444/ffffff
450,potenti,in quam fringilla,http://dummyimage.com/199x100.png/ff4444/ffffff
451,quis,porttitor id consequat in consequat,http://dummyimage.com/146x100.png/cc0000/ffffff
452,blandit,quam nec dui luctus,http://dummyimage.com/148x100.png/dddddd/000000
453,hac,lacus,http://dummyimage.com/245x100.png/cc0000/ffffff
454,ultrices,vestibulum ante,http://dummyimage.com/238x100.png/dddddd/000000
455,sapien,nunc viverra dapibus nulla suscipit,http://dummyimage.com/203x100.png/ff4444/ffffff
456,nulla,ut erat curabitur gravida nisi,http://dummyimage.com/115x100.png/dddddd/000000
457,sed,tincidunt lacus,http://dummyimage.com/206x100.png/5fa2dd/ffffff
458,id,semper sapien a,http://dummyimage.com/226x100.png/cc0000/ffffff
459,cubilia,at,http://dummyimage.com/193x100.png/dddddd/000000
460,tristique,justo lacinia eget,http://dummyimage.com/186x100.png/dddddd/000000
461,ligula,velit,http://dummyimage.com/183x100.png/ff4444/ffffff
462,eget,nisi volutpat,http://dummyimage.com/194x100.png/cc0000/ffffff
463,elementum,iaculis diam erat fermentum,http://dummyimage.com/108x100.png/ff4444/ffffff
464,hac,luctus cum,http://dummyimage.com/128x100.png/dddddd/000000
465,felis,consequat morbi a,http://dummyimage.com/129x100.png/dddddd/000000
466,pellentesque,orci,http://dummyimage.com/216x100.png/dddddd/000000
467,duis,quis,http://dummyimage.com/215x100.png/5fa2dd/ffffff
468,in,sit amet lobortis,http://dummyimage.com/233x100.png/ff4444/ffffff
469,consequat,volutpat in,http://dummyimage.com/207x100.png/ff4444/ffffff
470,diam,felis,http://dummyimage.com/193x100.png/dddddd/000000
471,ante,cubilia curae nulla dapibus dolor,http://dummyimage.com/239x100.png/dddddd/000000
472,feugiat,magnis dis parturient montes,http://dummyimage.com/172x100.png/cc0000/ffffff
473,consectetuer,ac tellus,http://dummyimage.com/191x100.png/cc0000/ffffff
474,ac,enim sit amet nunc,http://dummyimage.com/228x100.png/cc0000/ffffff
475,justo,in,http://dummyimage.com/245x100.png/5fa2dd/ffffff
476,volutpat,nunc purus,http://dummyimage.com/204x100.png/cc0000/ffffff
477,porttitor,vel,http://dummyimage.com/108x100.png/dddddd/000000
478,ac,imperdiet,http://dummyimage.com/226x100.png/5fa2dd/ffffff
479,dui,ultrices aliquet maecenas leo,http://dummyimage.com/169x100.png/5fa2dd/ffffff
480,tortor,in libero ut,http://dummyimage.com/200x100.png/cc0000/ffffff
481,at,vitae quam suspendisse,http://dummyimage.com/237x100.png/5fa2dd/ffffff
482,sit,at nulla,http://dummyimage.com/127x100.png/5fa2dd/ffffff
483,lobortis,lobortis ligula sit amet,http://dummyimage.com/217x100.png/ff4444/ffffff
484,dictumst,est et tempus semper,http://dummyimage.com/183x100.png/cc0000/ffffff
485,venenatis,imperdiet sapien,http://dummyimage.com/172x100.png/dddddd/000000
486,semper,luctus rutrum nulla,http://dummyimage.com/135x100.png/5fa2dd/ffffff
487,non,quisque,http://dummyimage.com/231x100.png/cc0000/ffffff
488,risus,arcu sed augue,http://dummyimage.com/210x100.png/5fa2dd/ffffff
489,ornare,quam a odio in,http://dummyimage.com/111x100.png/cc0000/ffffff
490,non,auctor sed tristique in,http://dummyimage.com/125x100.png/5fa2dd/ffffff
491,integer,lectus pellentesque at,http://dummyimage.com/225x100.png/dddddd/000000
492,aenean,morbi non quam nec,http://dummyimage.com/178x100.png/5fa2dd/ffffff
493,dictumst,rutrum neque,http://dummyimage.com/106x100.png/dddddd/000000
494,porta,arcu,http://dummyimage.com/220x100.png/dddddd/000000
495,eget,ultrices,http://dummyimage.com/245x100.png/5fa2dd/ffffff
496,a,purus sit,http://dummyimage.com/193x100.png/ff4444/ffffff
497,id,ligula suspendisse,http://dummyimage.com/157x100.png/5fa2dd/ffffff
498,nisi,elementum,http://dummyimage.com/155x100.png/5fa2dd/ffffff
499,amet,nunc vestibulum ante,http://dummyimage.com/139x100.png/dddddd/000000
500,dapibus,nunc,http://dummyimage.com/154x100.png/cc0000/ffffff
501,sit,est,http://dummyimage.com/135x100.png/5fa2dd/ffffff
502,id,ipsum primis in faucibus orci,http://dummyimage.com/135x100.png/dddddd/000000
503,tortor,turpis nec,http://dummyimage.com/237x100.png/ff4444/ffffff
504,pretium,et ultrices posuere cubilia curae,http://dummyimage.com/141x100.png/dddddd/000000
505,sapien,accumsan,http://dummyimage.com/247x100.png/cc0000/ffffff
506,magna,ut,http://dummyimage.com/223x100.png/ff4444/ffffff
507,quis,est et tempus semper est,http://dummyimage.com/128x100.png/5fa2dd/ffffff
508,eros,quisque ut erat curabitur,http://dummyimage.com/168x100.png/dddddd/000000
509,sagittis,odio curabitur convallis duis,http://dummyimage.com/105x100.png/ff4444/ffffff
510,ac,pede morbi porttitor,http://dummyimage.com/212x100.png/dddddd/000000
511,nulla,commodo placerat praesent blandit nam,http://dummyimage.com/249x100.png/cc0000/ffffff
512,sit,nullam sit,http://dummyimage.com/219x100.png/cc0000/ffffff
513,curae,ipsum primis in,http://dummyimage.com/100x100.png/cc0000/ffffff
514,ac,habitasse platea dictumst maecenas ut,http://dummyimage.com/118x100.png/cc0000/ffffff
515,lorem,libero non,http://dummyimage.com/134x100.png/dddddd/000000
516,diam,vestibulum,http://dummyimage.com/185x100.png/ff4444/ffffff
517,donec,volutpat eleifend,http://dummyimage.com/131x100.png/ff4444/ffffff
518,interdum,quam sapien,http://dummyimage.com/118x100.png/cc0000/ffffff
519,et,blandit lacinia erat,http://dummyimage.com/243x100.png/cc0000/ffffff
520,justo,auctor,http://dummyimage.com/168x100.png/dddddd/000000
521,nisl,dictumst etiam faucibus cursus,http://dummyimage.com/123x100.png/ff4444/ffffff
522,morbi,tortor,http://dummyimage.com/105x100.png/ff4444/ffffff
523,in,nisi at nibh in,http://dummyimage.com/175x100.png/5fa2dd/ffffff
524,aliquam,etiam,http://dummyimage.com/113x100.png/ff4444/ffffff
525,consequat,justo eu,http://dummyimage.com/109x100.png/5fa2dd/ffffff
526,sed,dapibus,http://dummyimage.com/112x100.png/dddddd/000000
527,dui,purus,http://dummyimage.com/223x100.png/5fa2dd/ffffff
528,quis,turpis nec euismod scelerisque,http://dummyimage.com/101x100.png/5fa2dd/ffffff
529,quis,accumsan tellus,http://dummyimage.com/147x100.png/5fa2dd/ffffff
530,posuere,sodales sed tincidunt,http://dummyimage.com/230x100.png/cc0000/ffffff
531,parturient,commodo vulputate justo in,http://dummyimage.com/107x100.png/cc0000/ffffff
532,ac,quisque id,http://dummyimage.com/162x100.png/ff4444/ffffff
533,eget,in congue etiam justo,http://dummyimage.com/205x100.png/5fa2dd/ffffff
534,felis,ut massa volutpat convallis morbi,http://dummyimage.com/191x100.png/5fa2dd/ffffff
535,ut,ligula,http://dummyimage.com/154x100.png/ff4444/ffffff
536,nulla,nulla elit,http://dummyimage.com/246x100.png/ff4444/ffffff
537,interdum,nonummy integer non velit,http://dummyimage.com/191x100.png/5fa2dd/ffffff
538,sit,quisque arcu libero rutrum ac,http://dummyimage.com/143x100.png/dddddd/000000
539,ligula,in sapien,http://dummyimage.com/161x100.png/5fa2dd/ffffff
540,ut,justo nec condimentum neque,http://dummyimage.com/243x100.png/ff4444/ffffff
541,volutpat,vestibulum,http://dummyimage.com/163x100.png/dddddd/000000
542,vestibulum,enim lorem,http://dummyimage.com/103x100.png/5fa2dd/ffffff
543,sapien,nulla integer pede justo lacinia,http://dummyimage.com/232x100.png/cc0000/ffffff
544,cras,proin,http://dummyimage.com/126x100.png/dddddd/000000
545,nulla,faucibus orci,http://dummyimage.com/138x100.png/ff4444/ffffff
546,porta,eget vulputate ut,http://dummyimage.com/173x100.png/ff4444/ffffff
547,in,sed magna,http://dummyimage.com/105x100.png/ff4444/ffffff
548,porta,convallis eget,http://dummyimage.com/162x100.png/5fa2dd/ffffff
549,sed,tortor,http://dummyimage.com/222x100.png/ff4444/ffffff
550,consectetuer,pellentesque volutpat dui,http://dummyimage.com/196x100.png/5fa2dd/ffffff
551,turpis,sociis natoque penatibus,http://dummyimage.com/102x100.png/5fa2dd/ffffff
552,diam,pretium iaculis justo in hac,http://dummyimage.com/235x100.png/ff4444/ffffff
553,rutrum,praesent blandit,http://dummyimage.com/144x100.png/5fa2dd/ffffff
554,consequat,nulla suspendisse potenti cras,http://dummyimage.com/100x100.png/ff4444/ffffff
555,pretium,amet erat nulla tempus vivamus,http://dummyimage.com/176x100.png/cc0000/ffffff
556,ut,orci luctus et,http://dummyimage.com/238x100.png/cc0000/ffffff
557,sollicitudin,nulla,http://dummyimage.com/161x100.png/cc0000/ffffff
558,posuere,placerat ante,http://dummyimage.com/158x100.png/ff4444/ffffff
559,accumsan,sem mauris laoreet ut rhoncus,http://dummyimage.com/173x100.png/5fa2dd/ffffff
560,etiam,dolor sit amet,http://dummyimage.com/125x100.png/cc0000/ffffff
561,nibh,lobortis est phasellus sit amet,http://dummyimage.com/221x100.png/5fa2dd/ffffff
562,eget,id turpis integer aliquet massa,http://dummyimage.com/173x100.png/dddddd/000000
563,mi,cubilia curae donec pharetra magna,http://dummyimage.com/150x100.png/5fa2dd/ffffff
564,nullam,lacinia sapien,http://dummyimage.com/129x100.png/ff4444/ffffff
565,vestibulum,pharetra magna,http://dummyimage.com/167x100.png/cc0000/ffffff
566,velit,augue luctus tincidunt nulla mollis,http://dummyimage.com/164x100.png/ff4444/ffffff
567,dapibus,pellentesque viverra,http://dummyimage.com/189x100.png/5fa2dd/ffffff
568,odio,eleifend luctus ultricies eu nibh,http://dummyimage.com/155x100.png/5fa2dd/ffffff
569,porttitor,mauris sit amet eros,http://dummyimage.com/177x100.png/5fa2dd/ffffff
570,platea,lectus pellentesque eget nunc,http://dummyimage.com/242x100.png/5fa2dd/ffffff
571,orci,ullamcorper,http://dummyimage.com/171x100.png/cc0000/ffffff
572,molestie,lobortis convallis tortor risus,http://dummyimage.com/124x100.png/cc0000/ffffff
573,tortor,a,http://dummyimage.com/243x100.png/ff4444/ffffff
574,odio,maecenas rhoncus aliquam,http://dummyimage.com/237x100.png/dddddd/000000
575,aliquam,hac habitasse platea,http://dummyimage.com/205x100.png/cc0000/ffffff
576,et,luctus rutrum nulla tellus,http://dummyimage.com/108x100.png/dddddd/000000
577,vivamus,justo in hac,http://dummyimage.com/216x100.png/5fa2dd/ffffff
578,montes,condimentum id,http://dummyimage.com/136x100.png/ff4444/ffffff
579,quam,nulla integer,http://dummyimage.com/118x100.png/5fa2dd/ffffff
580,adipiscing,adipiscing,http://dummyimage.com/161x100.png/cc0000/ffffff
581,congue,vel lectus in quam fringilla,http://dummyimage.com/132x100.png/dddddd/000000
582,erat,ut mauris eget,http://dummyimage.com/161x100.png/ff4444/ffffff
583,tincidunt,amet sem,http://dummyimage.com/132x100.png/cc0000/ffffff
584,semper,eu,http://dummyimage.com/192x100.png/dddddd/000000
585,sed,sit amet eleifend,http://dummyimage.com/111x100.png/5fa2dd/ffffff
586,eget,nunc vestibulum,http://dummyimage.com/114x100.png/cc0000/ffffff
587,imperdiet,tristique in tempus,http://dummyimage.com/209x100.png/5fa2dd/ffffff
588,sem,interdum venenatis,http://dummyimage.com/158x100.png/dddddd/000000
589,tincidunt,lacinia nisi venenatis,http://dummyimage.com/209x100.png/ff4444/ffffff
590,parturient,habitasse,http://dummyimage.com/210x100.png/dddddd/000000
591,magna,id justo sit amet,http://dummyimage.com/123x100.png/ff4444/ffffff
592,vulputate,nullam,http://dummyimage.com/169x100.png/5fa2dd/ffffff
593,bibendum,non ligula,http://dummyimage.com/149x100.png/5fa2dd/ffffff
594,non,etiam vel augue vestibulum rutrum,http://dummyimage.com/165x100.png/dddddd/000000
595,auctor,cras mi pede,http://dummyimage.com/250x100.png/ff4444/ffffff
596,dolor,massa volutpat convallis morbi odio,http://dummyimage.com/127x100.png/cc0000/ffffff
597,felis,sem,http://dummyimage.com/242x100.png/cc0000/ffffff
598,ipsum,id nulla ultrices,http://dummyimage.com/144x100.png/cc0000/ffffff
599,tempor,nunc vestibulum ante,http://dummyimage.com/228x100.png/dddddd/000000
600,orci,dolor sit amet,http://dummyimage.com/176x100.png/ff4444/ffffff
601,est,dictumst,http://dummyimage.com/138x100.png/cc0000/ffffff
602,nulla,est congue elementum in,http://dummyimage.com/143x100.png/5fa2dd/ffffff
603,faucibus,eu,http://dummyimage.com/234x100.png/cc0000/ffffff
604,ipsum,molestie,http://dummyimage.com/109x100.png/5fa2dd/ffffff
605,nisi,nisl nunc nisl duis bibendum,http://dummyimage.com/156x100.png/cc0000/ffffff
606,in,pretium iaculis,http://dummyimage.com/118x100.png/cc0000/ffffff
607,duis,sollicitudin ut suscipit a feugiat,http://dummyimage.com/102x100.png/ff4444/ffffff
608,porta,id nisl,http://dummyimage.com/195x100.png/cc0000/ffffff
609,lacus,mi sit amet,http://dummyimage.com/212x100.png/cc0000/ffffff
610,dolor,molestie,http://dummyimage.com/190x100.png/ff4444/ffffff
611,suscipit,consectetuer adipiscing elit proin,http://dummyimage.com/160x100.png/5fa2dd/ffffff
612,at,praesent lectus,http://dummyimage.com/112x100.png/cc0000/ffffff
613,vestibulum,pellentesque volutpat,http://dummyimage.com/108x100.png/5fa2dd/ffffff
614,aliquet,nunc viverra dapibus,http://dummyimage.com/206x100.png/ff4444/ffffff
615,viverra,nam,http://dummyimage.com/189x100.png/dddddd/000000
616,ipsum,ultrices enim lorem,http://dummyimage.com/105x100.png/5fa2dd/ffffff
617,varius,faucibus cursus,http://dummyimage.com/186x100.png/dddddd/000000
618,etiam,duis bibendum,http://dummyimage.com/220x100.png/5fa2dd/ffffff
619,gravida,pede,http://dummyimage.com/113x100.png/dddddd/000000
620,erat,turpis,http://dummyimage.com/126x100.png/cc0000/ffffff
621,ut,ut rhoncus,http://dummyimage.com/215x100.png/ff4444/ffffff
622,amet,nisl aenean lectus pellentesque eget,http://dummyimage.com/109x100.png/dddddd/000000
623,aenean,risus dapibus augue,http://dummyimage.com/165x100.png/5fa2dd/ffffff
624,vulputate,rhoncus,http://dummyimage.com/120x100.png/ff4444/ffffff
625,id,scelerisque quam,http://dummyimage.com/153x100.png/cc0000/ffffff
626,odio,nulla integer pede justo,http://dummyimage.com/231x100.png/ff4444/ffffff
627,et,cubilia curae mauris viverra,http://dummyimage.com/245x100.png/dddddd/000000
628,lacus,nulla,http://dummyimage.com/183x100.png/dddddd/000000
629,sodales,tincidunt lacus at,http://dummyimage.com/165x100.png/dddddd/000000
630,augue,platea dictumst,http://dummyimage.com/145x100.png/ff4444/ffffff
631,tristique,ultrices vel augue vestibulum ante,http://dummyimage.com/176x100.png/dddddd/000000
632,ut,ligula nec sem duis,http://dummyimage.com/247x100.png/5fa2dd/ffffff
633,sed,pellentesque,http://dummyimage.com/211x100.png/5fa2dd/ffffff
634,donec,sapien cum sociis,http://dummyimage.com/215x100.png/cc0000/ffffff
635,elementum,integer ac,http://dummyimage.com/181x100.png/cc0000/ffffff
636,in,congue diam,http://dummyimage.com/205x100.png/dddddd/000000
637,rhoncus,donec quis orci eget orci,http://dummyimage.com/116x100.png/dddddd/000000
638,molestie,in faucibus orci luctus et,http://dummyimage.com/203x100.png/dddddd/000000
639,amet,tincidunt ante vel ipsum,http://dummyimage.com/196x100.png/cc0000/ffffff
640,praesent,justo maecenas rhoncus,http://dummyimage.com/140x100.png/cc0000/ffffff
641,sit,duis at velit eu,http://dummyimage.com/191x100.png/cc0000/ffffff
642,nisi,in ante,http://dummyimage.com/234x100.png/ff4444/ffffff
643,ullamcorper,maecenas,http://dummyimage.com/112x100.png/5fa2dd/ffffff
644,risus,duis faucibus accumsan odio curabitur,http://dummyimage.com/229x100.png/dddddd/000000
645,nisl,porta volutpat quam,http://dummyimage.com/219x100.png/cc0000/ffffff
646,mattis,dictumst etiam faucibus cursus urna,http://dummyimage.com/167x100.png/cc0000/ffffff
647,vestibulum,rhoncus aliquet,http://dummyimage.com/181x100.png/5fa2dd/ffffff
648,habitasse,platea dictumst,http://dummyimage.com/197x100.png/ff4444/ffffff
649,platea,in,http://dummyimage.com/106x100.png/cc0000/ffffff
650,vel,enim,http://dummyimage.com/129x100.png/5fa2dd/ffffff
651,non,dui vel nisl duis ac,http://dummyimage.com/203x100.png/cc0000/ffffff
652,suscipit,adipiscing,http://dummyimage.com/241x100.png/cc0000/ffffff
653,suscipit,nunc viverra dapibus,http://dummyimage.com/161x100.png/dddddd/000000
654,accumsan,sagittis sapien cum sociis natoque,http://dummyimage.com/143x100.png/dddddd/000000
655,iaculis,elit proin interdum mauris non,http://dummyimage.com/200x100.png/cc0000/ffffff
656,lobortis,aenean sit amet,http://dummyimage.com/184x100.png/5fa2dd/ffffff
657,turpis,donec ut dolor,http://dummyimage.com/197x100.png/dddddd/000000
658,interdum,sit,http://dummyimage.com/103x100.png/dddddd/000000
659,eu,vestibulum vestibulum ante ipsum primis,http://dummyimage.com/159x100.png/cc0000/ffffff
660,id,a pede,http://dummyimage.com/180x100.png/5fa2dd/ffffff
661,nisi,mauris,http://dummyimage.com/218x100.png/dddddd/000000
662,platea,ut ultrices vel augue vestibulum,http://dummyimage.com/242x100.png/ff4444/ffffff
663,et,faucibus orci luctus,http://dummyimage.com/164x100.png/ff4444/ffffff
664,lacinia,fusce,http://dummyimage.com/213x100.png/dddddd/000000
665,aliquet,pellentesque viverra pede ac diam,http://dummyimage.com/197x100.png/ff4444/ffffff
666,dis,ipsum ac tellus semper interdum,http://dummyimage.com/100x100.png/ff4444/ffffff
667,cum,dignissim vestibulum vestibulum ante,http://dummyimage.com/189x100.png/5fa2dd/ffffff
668,orci,semper est,http://dummyimage.com/246x100.png/5fa2dd/ffffff
669,sit,duis bibendum felis sed interdum,http://dummyimage.com/130x100.png/ff4444/ffffff
670,non,volutpat sapien,http://dummyimage.com/148x100.png/dddddd/000000
671,molestie,ultrices mattis odio donec,http://dummyimage.com/185x100.png/cc0000/ffffff
672,tincidunt,diam id,http://dummyimage.com/111x100.png/ff4444/ffffff
673,sed,nulla,http://dummyimage.com/112x100.png/dddddd/000000
674,sed,augue vestibulum ante ipsum,http://dummyimage.com/207x100.png/cc0000/ffffff
675,eu,luctus ultricies eu nibh quisque,http://dummyimage.com/137x100.png/cc0000/ffffff
676,ultrices,nisl aenean,http://dummyimage.com/105x100.png/cc0000/ffffff
677,vehicula,convallis eget eleifend luctus ultricies,http://dummyimage.com/150x100.png/ff4444/ffffff
678,sociis,montes nascetur ridiculus,http://dummyimage.com/111x100.png/5fa2dd/ffffff
679,cum,urna ut tellus,http://dummyimage.com/103x100.png/dddddd/000000
680,ligula,nunc nisl duis,http://dummyimage.com/104x100.png/dddddd/000000
681,lectus,ornare consequat lectus,http://dummyimage.com/206x100.png/dddddd/000000
682,lectus,habitasse platea dictumst maecenas ut,http://dummyimage.com/177x100.png/5fa2dd/ffffff
683,quisque,enim lorem ipsum dolor sit,http://dummyimage.com/115x100.png/dddddd/000000
684,eu,nisi venenatis tristique fusce,http://dummyimage.com/185x100.png/ff4444/ffffff
685,id,urna pretium nisl,http://dummyimage.com/163x100.png/cc0000/ffffff
686,ullamcorper,consequat morbi,http://dummyimage.com/212x100.png/dddddd/000000
687,lobortis,ligula,http://dummyimage.com/100x100.png/5fa2dd/ffffff
688,ut,odio consequat varius integer,http://dummyimage.com/200x100.png/ff4444/ffffff
689,tincidunt,suspendisse potenti cras in,http://dummyimage.com/165x100.png/ff4444/ffffff
690,orci,eget rutrum at lorem integer,http://dummyimage.com/140x100.png/cc0000/ffffff
691,quis,eleifend luctus ultricies eu,http://dummyimage.com/128x100.png/5fa2dd/ffffff
692,dictumst,mauris lacinia sapien quis,http://dummyimage.com/150x100.png/ff4444/ffffff
693,sapien,eget,http://dummyimage.com/163x100.png/dddddd/000000
694,sapien,proin,http://dummyimage.com/150x100.png/dddddd/000000
695,in,venenatis tristique fusce congue,http://dummyimage.com/146x100.png/dddddd/000000
696,adipiscing,sapien non,http://dummyimage.com/153x100.png/dddddd/000000
697,volutpat,parturient,http://dummyimage.com/209x100.png/5fa2dd/ffffff
698,gravida,ante vestibulum ante ipsum,http://dummyimage.com/199x100.png/5fa2dd/ffffff
699,convallis,metus sapien ut,http://dummyimage.com/123x100.png/dddddd/000000
700,quam,est,http://dummyimage.com/208x100.png/cc0000/ffffff
701,sodales,quis tortor id nulla ultrices,http://dummyimage.com/219x100.png/cc0000/ffffff
702,lectus,quis turpis sed ante vivamus,http://dummyimage.com/131x100.png/dddddd/000000
703,nisl,quam turpis adipiscing lorem,http://dummyimage.com/248x100.png/5fa2dd/ffffff
704,in,lobortis,http://dummyimage.com/187x100.png/cc0000/ffffff
705,pellentesque,mauris eget massa,http://dummyimage.com/139x100.png/5fa2dd/ffffff
706,at,mauris non,http://dummyimage.com/241x100.png/dddddd/000000
707,sit,integer ac,http://dummyimage.com/162x100.png/dddddd/000000
708,suspendisse,curabitur at ipsum ac tellus,http://dummyimage.com/175x100.png/dddddd/000000
709,quam,lectus in est risus auctor,http://dummyimage.com/241x100.png/dddddd/000000
710,suspendisse,sit amet,http://dummyimage.com/225x100.png/ff4444/ffffff
711,amet,luctus nec molestie,http://dummyimage.com/108x100.png/cc0000/ffffff
712,aliquam,arcu,http://dummyimage.com/242x100.png/dddddd/000000
713,consectetuer,id nulla,http://dummyimage.com/244x100.png/dddddd/000000
714,et,arcu libero rutrum,http://dummyimage.com/184x100.png/dddddd/000000
715,dapibus,sed augue,http://dummyimage.com/191x100.png/ff4444/ffffff
716,blandit,congue,http://dummyimage.com/224x100.png/cc0000/ffffff
717,in,ut,http://dummyimage.com/237x100.png/dddddd/000000
718,praesent,pede venenatis,http://dummyimage.com/212x100.png/dddddd/000000
719,id,enim blandit mi in,http://dummyimage.com/141x100.png/5fa2dd/ffffff
720,etiam,nulla,http://dummyimage.com/250x100.png/dddddd/000000
721,cubilia,commodo vulputate,http://dummyimage.com/106x100.png/5fa2dd/ffffff
722,nec,tempus vel pede morbi,http://dummyimage.com/145x100.png/cc0000/ffffff
723,risus,tellus nulla,http://dummyimage.com/239x100.png/5fa2dd/ffffff
724,blandit,ipsum integer a,http://dummyimage.com/112x100.png/dddddd/000000
725,quis,id pretium iaculis,http://dummyimage.com/182x100.png/cc0000/ffffff
726,ipsum,in quam fringilla rhoncus mauris,http://dummyimage.com/126x100.png/dddddd/000000
727,risus,natoque penatibus et magnis dis,http://dummyimage.com/210x100.png/dddddd/000000
728,a,et,http://dummyimage.com/222x100.png/5fa2dd/ffffff
729,sapien,turpis sed ante vivamus tortor,http://dummyimage.com/246x100.png/5fa2dd/ffffff
730,et,faucibus orci luctus et,http://dummyimage.com/111x100.png/dddddd/000000
731,curabitur,semper,http://dummyimage.com/131x100.png/5fa2dd/ffffff
732,nec,risus,http://dummyimage.com/203x100.png/cc0000/ffffff
733,quis,nec euismod,http://dummyimage.com/159x100.png/dddddd/000000
734,a,in quam fringilla,http://dummyimage.com/109x100.png/cc0000/ffffff
735,aliquet,maecenas leo,http://dummyimage.com/202x100.png/5fa2dd/ffffff
736,odio,tristique fusce,http://dummyimage.com/130x100.png/dddddd/000000
737,mattis,venenatis non sodales sed,http://dummyimage.com/169x100.png/ff4444/ffffff
738,odio,blandit lacinia erat,http://dummyimage.com/163x100.png/cc0000/ffffff
739,aliquet,quisque,http://dummyimage.com/144x100.png/dddddd/000000
740,ipsum,sed tristique in tempus sit,http://dummyimage.com/242x100.png/cc0000/ffffff
741,sit,eget elit sodales scelerisque,http://dummyimage.com/202x100.png/cc0000/ffffff
742,lobortis,lacinia erat,http://dummyimage.com/175x100.png/ff4444/ffffff
743,donec,nulla nunc purus,http://dummyimage.com/133x100.png/dddddd/000000
744,consequat,pede ac diam cras,http://dummyimage.com/106x100.png/cc0000/ffffff
745,non,ipsum,http://dummyimage.com/207x100.png/ff4444/ffffff
746,donec,ut dolor,http://dummyimage.com/248x100.png/5fa2dd/ffffff
747,volutpat,vehicula,http://dummyimage.com/245x100.png/5fa2dd/ffffff
748,convallis,tincidunt nulla mollis,http://dummyimage.com/225x100.png/ff4444/ffffff
749,aliquam,quis justo maecenas rhoncus,http://dummyimage.com/111x100.png/ff4444/ffffff
750,vitae,massa id lobortis convallis tortor,http://dummyimage.com/242x100.png/dddddd/000000
751,nulla,sagittis dui,http://dummyimage.com/184x100.png/ff4444/ffffff
752,erat,vestibulum sit,http://dummyimage.com/165x100.png/cc0000/ffffff
753,diam,lacinia nisi,http://dummyimage.com/203x100.png/cc0000/ffffff
754,eget,pede posuere nonummy integer non,http://dummyimage.com/235x100.png/ff4444/ffffff
755,sapien,pede justo lacinia,http://dummyimage.com/222x100.png/cc0000/ffffff
756,nullam,vulputate vitae,http://dummyimage.com/229x100.png/dddddd/000000
757,in,convallis nunc proin at turpis,http://dummyimage.com/147x100.png/5fa2dd/ffffff
758,quis,nulla,http://dummyimage.com/208x100.png/5fa2dd/ffffff
759,ac,nascetur ridiculus mus etiam,http://dummyimage.com/102x100.png/cc0000/ffffff
760,eget,placerat ante nulla,http://dummyimage.com/152x100.png/ff4444/ffffff
761,nonummy,leo,http://dummyimage.com/180x100.png/dddddd/000000
762,auctor,sed,http://dummyimage.com/198x100.png/dddddd/000000
763,aliquam,phasellus in felis,http://dummyimage.com/177x100.png/5fa2dd/ffffff
764,rutrum,aliquam erat,http://dummyimage.com/210x100.png/dddddd/000000
765,nulla,vulputate luctus,http://dummyimage.com/188x100.png/ff4444/ffffff
766,id,sem fusce,http://dummyimage.com/113x100.png/cc0000/ffffff
767,pellentesque,nec nisi,http://dummyimage.com/122x100.png/cc0000/ffffff
768,scelerisque,gravida sem,http://dummyimage.com/164x100.png/dddddd/000000
769,luctus,nunc donec quis orci eget,http://dummyimage.com/137x100.png/cc0000/ffffff
770,ante,vel lectus in,http://dummyimage.com/120x100.png/5fa2dd/ffffff
771,in,semper porta volutpat quam,http://dummyimage.com/217x100.png/dddddd/000000
772,venenatis,vestibulum ante ipsum primis in,http://dummyimage.com/235x100.png/cc0000/ffffff
773,duis,eleifend donec,http://dummyimage.com/217x100.png/cc0000/ffffff
774,sapien,augue vel accumsan,http://dummyimage.com/233x100.png/5fa2dd/ffffff
775,porttitor,curae nulla dapibus dolor,http://dummyimage.com/113x100.png/dddddd/000000
776,habitasse,lectus vestibulum quam sapien varius,http://dummyimage.com/238x100.png/ff4444/ffffff
777,non,ultrices erat,http://dummyimage.com/196x100.png/5fa2dd/ffffff
778,quis,est phasellus sit amet erat,http://dummyimage.com/190x100.png/5fa2dd/ffffff
779,quisque,donec dapibus,http://dummyimage.com/127x100.png/dddddd/000000
780,ac,vel dapibus at,http://dummyimage.com/116x100.png/dddddd/000000
781,quis,vel pede morbi porttitor lorem,http://dummyimage.com/104x100.png/ff4444/ffffff
782,volutpat,volutpat erat quisque,http://dummyimage.com/119x100.png/dddddd/000000
783,in,amet erat nulla,http://dummyimage.com/131x100.png/ff4444/ffffff
784,parturient,tortor sollicitudin,http://dummyimage.com/222x100.png/cc0000/ffffff
785,orci,nisl ut volutpat sapien,http://dummyimage.com/101x100.png/cc0000/ffffff
786,posuere,habitasse platea dictumst,http://dummyimage.com/230x100.png/ff4444/ffffff
787,nec,sed vel enim sit,http://dummyimage.com/208x100.png/ff4444/ffffff
788,velit,sem praesent id massa,http://dummyimage.com/140x100.png/cc0000/ffffff
789,lobortis,sem mauris laoreet ut,http://dummyimage.com/204x100.png/dddddd/000000
790,vel,sem duis,http://dummyimage.com/215x100.png/ff4444/ffffff
791,etiam,morbi porttitor,http://dummyimage.com/191x100.png/5fa2dd/ffffff
792,metus,curae mauris,http://dummyimage.com/106x100.png/dddddd/000000
793,at,nunc viverra dapibus,http://dummyimage.com/211x100.png/ff4444/ffffff
794,lacus,nunc vestibulum ante,http://dummyimage.com/147x100.png/dddddd/000000
795,etiam,massa tempor convallis nulla neque,http://dummyimage.com/188x100.png/cc0000/ffffff
796,elementum,rhoncus aliquam lacus morbi,http://dummyimage.com/136x100.png/ff4444/ffffff
797,donec,mus vivamus vestibulum sagittis sapien,http://dummyimage.com/132x100.png/ff4444/ffffff
798,lobortis,convallis nulla neque libero convallis,http://dummyimage.com/165x100.png/ff4444/ffffff
799,at,interdum in ante vestibulum ante,http://dummyimage.com/184x100.png/cc0000/ffffff
800,vestibulum,non mattis pulvinar nulla pede,http://dummyimage.com/246x100.png/dddddd/000000
801,ante,dis parturient,http://dummyimage.com/187x100.png/ff4444/ffffff
802,lectus,maecenas leo,http://dummyimage.com/157x100.png/cc0000/ffffff
803,orci,id nulla,http://dummyimage.com/191x100.png/ff4444/ffffff
804,morbi,pede,http://dummyimage.com/134x100.png/cc0000/ffffff
805,lacus,dolor quis,http://dummyimage.com/243x100.png/5fa2dd/ffffff
806,pede,bibendum,http://dummyimage.com/230x100.png/dddddd/000000
807,magna,turpis donec posuere metus vitae,http://dummyimage.com/104x100.png/5fa2dd/ffffff
808,sed,tristique in tempus sit amet,http://dummyimage.com/229x100.png/ff4444/ffffff
809,interdum,curae,http://dummyimage.com/209x100.png/ff4444/ffffff
810,aliquet,sit,http://dummyimage.com/156x100.png/dddddd/000000
811,nam,fusce posuere felis sed lacus,http://dummyimage.com/227x100.png/ff4444/ffffff
812,primis,magnis dis parturient montes,http://dummyimage.com/198x100.png/ff4444/ffffff
813,dictumst,ac,http://dummyimage.com/194x100.png/cc0000/ffffff
814,luctus,vestibulum ac est lacinia,http://dummyimage.com/204x100.png/ff4444/ffffff
815,curae,lectus pellentesque,http://dummyimage.com/228x100.png/ff4444/ffffff
816,lectus,eget eleifend luctus ultricies,http://dummyimage.com/103x100.png/cc0000/ffffff
817,enim,consequat,http://dummyimage.com/225x100.png/5fa2dd/ffffff
818,quis,volutpat dui,http://dummyimage.com/131x100.png/ff4444/ffffff
819,sem,iaculis diam erat fermentum justo,http://dummyimage.com/250x100.png/dddddd/000000
820,non,vitae consectetuer,http://dummyimage.com/247x100.png/dddddd/000000
821,massa,felis,http://dummyimage.com/207x100.png/5fa2dd/ffffff
822,semper,ipsum primis in faucibus orci,http://dummyimage.com/130x100.png/5fa2dd/ffffff
823,in,pede justo eu,http://dummyimage.com/194x100.png/ff4444/ffffff
824,leo,lorem integer tincidunt,http://dummyimage.com/154x100.png/ff4444/ffffff
825,nunc,consequat varius integer ac leo,http://dummyimage.com/110x100.png/5fa2dd/ffffff
826,suscipit,vestibulum sed,http://dummyimage.com/208x100.png/dddddd/000000
827,habitasse,posuere cubilia curae,http://dummyimage.com/178x100.png/dddddd/000000
828,consectetuer,faucibus orci luctus et,http://dummyimage.com/200x100.png/5fa2dd/ffffff
829,rutrum,quis lectus suspendisse potenti,http://dummyimage.com/112x100.png/5fa2dd/ffffff
830,rutrum,nam ultrices libero non mattis,http://dummyimage.com/124x100.png/cc0000/ffffff
831,eros,pede venenatis non,http://dummyimage.com/125x100.png/5fa2dd/ffffff
832,consectetuer,ante,http://dummyimage.com/120x100.png/5fa2dd/ffffff
833,venenatis,hac habitasse platea dictumst,http://dummyimage.com/191x100.png/ff4444/ffffff
834,sit,ut dolor morbi vel,http://dummyimage.com/241x100.png/dddddd/000000
835,rhoncus,volutpat,http://dummyimage.com/244x100.png/cc0000/ffffff
836,odio,phasellus id,http://dummyimage.com/219x100.png/cc0000/ffffff
837,molestie,habitasse platea dictumst maecenas ut,http://dummyimage.com/167x100.png/dddddd/000000
838,blandit,sapien non mi integer,http://dummyimage.com/230x100.png/dddddd/000000
839,luctus,eget rutrum at,http://dummyimage.com/135x100.png/cc0000/ffffff
840,odio,in congue etiam justo,http://dummyimage.com/193x100.png/dddddd/000000
841,mauris,id mauris vulputate elementum nullam,http://dummyimage.com/106x100.png/ff4444/ffffff
842,quis,erat curabitur gravida nisi,http://dummyimage.com/199x100.png/cc0000/ffffff
843,lectus,nonummy,http://dummyimage.com/250x100.png/cc0000/ffffff
844,arcu,vestibulum ante ipsum primis in,http://dummyimage.com/241x100.png/cc0000/ffffff
845,odio,sapien ut,http://dummyimage.com/234x100.png/dddddd/000000
846,mattis,ut odio cras,http://dummyimage.com/107x100.png/5fa2dd/ffffff
847,pede,orci luctus et,http://dummyimage.com/210x100.png/dddddd/000000
848,lobortis,posuere cubilia curae donec,http://dummyimage.com/215x100.png/ff4444/ffffff
849,arcu,morbi,http://dummyimage.com/223x100.png/cc0000/ffffff
850,id,suspendisse potenti nullam,http://dummyimage.com/248x100.png/dddddd/000000
851,nunc,libero quis orci nullam molestie,http://dummyimage.com/230x100.png/cc0000/ffffff
852,condimentum,curae duis faucibus accumsan odio,http://dummyimage.com/207x100.png/ff4444/ffffff
853,semper,ridiculus mus,http://dummyimage.com/131x100.png/ff4444/ffffff
854,odio,ut at dolor quis,http://dummyimage.com/176x100.png/dddddd/000000
855,nisl,consequat ut nulla sed accumsan,http://dummyimage.com/235x100.png/cc0000/ffffff
856,sapien,massa id nisl,http://dummyimage.com/218x100.png/cc0000/ffffff
857,sem,imperdiet,http://dummyimage.com/239x100.png/5fa2dd/ffffff
858,pretium,quis augue,http://dummyimage.com/139x100.png/cc0000/ffffff
859,massa,et commodo vulputate justo,http://dummyimage.com/225x100.png/5fa2dd/ffffff
860,lobortis,lobortis est phasellus sit amet,http://dummyimage.com/180x100.png/5fa2dd/ffffff
861,bibendum,proin at,http://dummyimage.com/227x100.png/ff4444/ffffff
862,in,in,http://dummyimage.com/126x100.png/5fa2dd/ffffff
863,non,molestie lorem quisque ut erat,http://dummyimage.com/159x100.png/dddddd/000000
864,sit,id,http://dummyimage.com/184x100.png/5fa2dd/ffffff
865,eget,quis orci nullam molestie,http://dummyimage.com/250x100.png/5fa2dd/ffffff
866,tempus,nulla ut erat id mauris,http://dummyimage.com/166x100.png/dddddd/000000
867,ipsum,vulputate vitae nisl aenean lectus,http://dummyimage.com/106x100.png/dddddd/000000
868,fermentum,orci,http://dummyimage.com/187x100.png/dddddd/000000
869,consequat,mattis odio donec vitae nisi,http://dummyimage.com/153x100.png/cc0000/ffffff
870,vel,ac lobortis vel dapibus,http://dummyimage.com/192x100.png/cc0000/ffffff
871,enim,amet lobortis sapien sapien,http://dummyimage.com/248x100.png/5fa2dd/ffffff
872,vivamus,eros suspendisse,http://dummyimage.com/232x100.png/5fa2dd/ffffff
873,ac,libero,http://dummyimage.com/246x100.png/cc0000/ffffff
874,pretium,vitae nisl aenean lectus,http://dummyimage.com/110x100.png/cc0000/ffffff
875,quisque,luctus et ultrices posuere,http://dummyimage.com/188x100.png/ff4444/ffffff
876,amet,sem praesent id massa,http://dummyimage.com/130x100.png/5fa2dd/ffffff
877,iaculis,eu orci,http://dummyimage.com/232x100.png/5fa2dd/ffffff
878,bibendum,interdum mauris ullamcorper,http://dummyimage.com/173x100.png/ff4444/ffffff
879,porta,neque,http://dummyimage.com/179x100.png/cc0000/ffffff
880,dictumst,auctor gravida sem praesent,http://dummyimage.com/199x100.png/5fa2dd/ffffff
881,nulla,morbi,http://dummyimage.com/191x100.png/cc0000/ffffff
882,in,non,http://dummyimage.com/159x100.png/dddddd/000000
883,sapien,etiam justo,http://dummyimage.com/182x100.png/5fa2dd/ffffff
884,id,sollicitudin mi sit amet,http://dummyimage.com/208x100.png/cc0000/ffffff
885,dictumst,hac,http://dummyimage.com/227x100.png/cc0000/ffffff
886,mollis,quisque,http://dummyimage.com/102x100.png/dddddd/000000
887,cum,volutpat,http://dummyimage.com/127x100.png/ff4444/ffffff
888,morbi,vestibulum vestibulum ante ipsum primis,http://dummyimage.com/235x100.png/5fa2dd/ffffff
889,ligula,nisi venenatis,http://dummyimage.com/214x100.png/5fa2dd/ffffff
890,mauris,nec nisi vulputate,http://dummyimage.com/126x100.png/dddddd/000000
891,in,rutrum ac,http://dummyimage.com/200x100.png/5fa2dd/ffffff
892,maecenas,aliquam erat volutpat in,http://dummyimage.com/250x100.png/5fa2dd/ffffff
893,diam,posuere cubilia curae mauris,http://dummyimage.com/154x100.png/5fa2dd/ffffff
894,eget,consequat nulla nisl,http://dummyimage.com/248x100.png/dddddd/000000
895,felis,phasellus in felis donec semper,http://dummyimage.com/157x100.png/ff4444/ffffff
896,semper,et,http://dummyimage.com/203x100.png/cc0000/ffffff
897,risus,ac leo pellentesque ultrices mattis,http://dummyimage.com/191x100.png/5fa2dd/ffffff
898,ipsum,vestibulum vestibulum ante ipsum,http://dummyimage.com/154x100.png/5fa2dd/ffffff
899,turpis,lorem id ligula suspendisse,http://dummyimage.com/159x100.png/ff4444/ffffff
900,felis,nulla sed accumsan felis,http://dummyimage.com/102x100.png/cc0000/ffffff
901,eleifend,porta volutpat quam pede,http://dummyimage.com/190x100.png/cc0000/ffffff
902,justo,ut,http://dummyimage.com/134x100.png/dddddd/000000
903,vivamus,mattis pulvinar nulla pede,http://dummyimage.com/158x100.png/dddddd/000000
904,morbi,magna bibendum imperdiet nullam,http://dummyimage.com/169x100.png/ff4444/ffffff
905,lobortis,ac neque,http://dummyimage.com/231x100.png/cc0000/ffffff
906,ultrices,primis in faucibus orci luctus,http://dummyimage.com/231x100.png/5fa2dd/ffffff
907,proin,consequat nulla nisl,http://dummyimage.com/101x100.png/dddddd/000000
908,suscipit,leo pellentesque ultrices mattis odio,http://dummyimage.com/144x100.png/5fa2dd/ffffff
909,luctus,nulla suspendisse,http://dummyimage.com/187x100.png/5fa2dd/ffffff
910,neque,ante,http://dummyimage.com/145x100.png/ff4444/ffffff
911,curabitur,luctus et,http://dummyimage.com/228x100.png/ff4444/ffffff
912,proin,vestibulum,http://dummyimage.com/133x100.png/cc0000/ffffff
913,convallis,luctus,http://dummyimage.com/188x100.png/cc0000/ffffff
914,amet,turpis eget elit sodales scelerisque,http://dummyimage.com/188x100.png/dddddd/000000
915,nulla,vestibulum aliquet ultrices,http://dummyimage.com/209x100.png/cc0000/ffffff
916,amet,arcu sed,http://dummyimage.com/166x100.png/5fa2dd/ffffff
917,at,ullamcorper purus sit,http://dummyimage.com/159x100.png/cc0000/ffffff
918,scelerisque,mi,http://dummyimage.com/222x100.png/ff4444/ffffff
919,imperdiet,potenti nullam porttitor,http://dummyimage.com/223x100.png/cc0000/ffffff
920,vestibulum,primis in faucibus,http://dummyimage.com/157x100.png/dddddd/000000
921,condimentum,at velit,http://dummyimage.com/240x100.png/ff4444/ffffff
922,sodales,velit donec diam neque,http://dummyimage.com/127x100.png/cc0000/ffffff
923,at,non velit donec diam,http://dummyimage.com/210x100.png/dddddd/000000
924,vel,magna vestibulum aliquet ultrices erat,http://dummyimage.com/166x100.png/dddddd/000000
925,nulla,pede morbi,http://dummyimage.com/173x100.png/cc0000/ffffff
926,suscipit,in blandit ultrices enim lorem,http://dummyimage.com/157x100.png/ff4444/ffffff
927,lacus,purus eu magna vulputate,http://dummyimage.com/193x100.png/dddddd/000000
928,in,risus,http://dummyimage.com/143x100.png/5fa2dd/ffffff
929,ac,ac consequat metus,http://dummyimage.com/229x100.png/cc0000/ffffff
930,ante,vitae consectetuer,http://dummyimage.com/217x100.png/ff4444/ffffff
931,ligula,sapien arcu sed augue,http://dummyimage.com/134x100.png/ff4444/ffffff
932,in,potenti nullam porttitor,http://dummyimage.com/188x100.png/dddddd/000000
933,etiam,est et,http://dummyimage.com/168x100.png/cc0000/ffffff
934,luctus,praesent lectus vestibulum,http://dummyimage.com/147x100.png/cc0000/ffffff
935,massa,adipiscing lorem vitae,http://dummyimage.com/126x100.png/dddddd/000000
936,orci,aliquam non mauris morbi,http://dummyimage.com/116x100.png/cc0000/ffffff
937,vitae,tempus sit amet sem fusce,http://dummyimage.com/161x100.png/5fa2dd/ffffff
938,scelerisque,congue elementum,http://dummyimage.com/172x100.png/ff4444/ffffff
939,erat,consectetuer adipiscing elit proin risus,http://dummyimage.com/114x100.png/ff4444/ffffff
940,in,sem duis,http://dummyimage.com/163x100.png/cc0000/ffffff
941,adipiscing,blandit,http://dummyimage.com/150x100.png/cc0000/ffffff
942,auctor,eros viverra eget congue,http://dummyimage.com/207x100.png/5fa2dd/ffffff
943,rhoncus,condimentum curabitur in,http://dummyimage.com/112x100.png/cc0000/ffffff
944,libero,mi pede,http://dummyimage.com/124x100.png/dddddd/000000
945,praesent,purus,http://dummyimage.com/180x100.png/dddddd/000000
946,in,eros,http://dummyimage.com/150x100.png/dddddd/000000
947,leo,libero nullam sit amet turpis,http://dummyimage.com/170x100.png/cc0000/ffffff
948,nec,luctus nec molestie sed,http://dummyimage.com/105x100.png/5fa2dd/ffffff
949,blandit,nunc,http://dummyimage.com/114x100.png/ff4444/ffffff
950,ante,ultrices libero non mattis,http://dummyimage.com/121x100.png/dddddd/000000
951,eleifend,massa id,http://dummyimage.com/212x100.png/dddddd/000000
952,ut,nisl venenatis,http://dummyimage.com/131x100.png/ff4444/ffffff
953,bibendum,nibh in,http://dummyimage.com/106x100.png/cc0000/ffffff
954,at,est et tempus,http://dummyimage.com/121x100.png/5fa2dd/ffffff
955,sed,aliquam sit,http://dummyimage.com/172x100.png/ff4444/ffffff
956,ipsum,etiam justo etiam pretium iaculis,http://dummyimage.com/177x100.png/5fa2dd/ffffff
957,quam,tortor,http://dummyimage.com/146x100.png/cc0000/ffffff
958,a,magna ac consequat,http://dummyimage.com/207x100.png/5fa2dd/ffffff
959,nec,purus phasellus,http://dummyimage.com/212x100.png/5fa2dd/ffffff
960,adipiscing,odio odio elementum eu interdum,http://dummyimage.com/211x100.png/dddddd/000000
961,a,nullam porttitor lacus,http://dummyimage.com/182x100.png/5fa2dd/ffffff
962,risus,augue luctus,http://dummyimage.com/107x100.png/dddddd/000000
963,tortor,lacinia eget tincidunt,http://dummyimage.com/191x100.png/dddddd/000000
964,amet,bibendum,http://dummyimage.com/143x100.png/dddddd/000000
965,adipiscing,quis,http://dummyimage.com/227x100.png/ff4444/ffffff
966,lacinia,vitae,http://dummyimage.com/202x100.png/5fa2dd/ffffff
967,diam,volutpat sapien arcu sed,http://dummyimage.com/155x100.png/cc0000/ffffff
968,habitasse,pharetra magna vestibulum aliquet ultrices,http://dummyimage.com/237x100.png/ff4444/ffffff
969,eget,ipsum primis in,http://dummyimage.com/205x100.png/cc0000/ffffff
970,est,sapien varius ut blandit,http://dummyimage.com/180x100.png/5fa2dd/ffffff
971,eu,consequat morbi a,http://dummyimage.com/238x100.png/ff4444/ffffff
972,in,molestie,http://dummyimage.com/203x100.png/cc0000/ffffff
973,quis,aliquam,http://dummyimage.com/181x100.png/ff4444/ffffff
974,cras,congue diam id ornare,http://dummyimage.com/240x100.png/5fa2dd/ffffff
975,congue,sapien quis libero nullam,http://dummyimage.com/202x100.png/5fa2dd/ffffff
976,semper,sapien cum sociis natoque penatibus,http://dummyimage.com/218x100.png/5fa2dd/ffffff
977,consequat,velit donec diam neque vestibulum,http://dummyimage.com/141x100.png/cc0000/ffffff
978,ut,tellus in,http://dummyimage.com/147x100.png/ff4444/ffffff
979,venenatis,maecenas rhoncus aliquam lacus,http://dummyimage.com/238x100.png/cc0000/ffffff
980,ligula,vel augue vestibulum,http://dummyimage.com/207x100.png/dddddd/000000
981,volutpat,rutrum ac,http://dummyimage.com/190x100.png/dddddd/000000
982,phasellus,vulputate ut ultrices vel,http://dummyimage.com/248x100.png/cc0000/ffffff
983,quisque,nulla,http://dummyimage.com/139x100.png/dddddd/000000
984,id,a pede posuere nonummy integer,http://dummyimage.com/132x100.png/ff4444/ffffff
985,erat,et magnis dis parturient,http://dummyimage.com/104x100.png/5fa2dd/ffffff
986,ut,dui vel,http://dummyimage.com/173x100.png/dddddd/000000
987,nulla,blandit lacinia erat vestibulum,http://dummyimage.com/184x100.png/5fa2dd/ffffff
988,quisque,quisque porta,http://dummyimage.com/187x100.png/5fa2dd/ffffff
989,magna,hac habitasse platea dictumst maecenas,http://dummyimage.com/227x100.png/dddddd/000000
990,consectetuer,aliquet,http://dummyimage.com/209x100.png/dddddd/000000
991,lobortis,nulla tempus vivamus,http://dummyimage.com/171x100.png/dddddd/000000
992,at,sem duis,http://dummyimage.com/175x100.png/5fa2dd/ffffff
993,vel,congue diam id ornare,http://dummyimage.com/179x100.png/ff4444/ffffff
994,lorem,vestibulum,http://dummyimage.com/216x100.png/ff4444/ffffff
995,ipsum,suspendisse potenti in,http://dummyimage.com/224x100.png/ff4444/ffffff
996,interdum,vel dapibus,http://dummyimage.com/143x100.png/cc0000/ffffff
997,ipsum,proin leo odio porttitor id,http://dummyimage.com/167x100.png/cc0000/ffffff
998,ut,nascetur ridiculus mus,http://dummyimage.com/154x100.png/cc0000/ffffff
999,volutpat,consequat,http://dummyimage.com/138x100.png/dddddd/000000
1000,interdum,in congue etiam justo etiam,http://dummyimage.com/134x100.png/5fa2dd/ffffff
1001,massa,tincidunt eget tempus,http://dummyimage.com/118x100.png/cc0000/ffffff
1002,non,vel,http://dummyimage.com/147x100.png/5fa2dd/ffffff
1003,at,erat tortor,http://dummyimage.com/224x100.png/dddddd/000000
1004,phasellus,pede,http://dummyimage.com/131x100.png/ff4444/ffffff
1005,faucibus,a libero,http://dummyimage.com/215x100.png/cc0000/ffffff
1006,turpis,molestie,http://dummyimage.com/197x100.png/5fa2dd/ffffff
1007,eget,sodales scelerisque mauris,http://dummyimage.com/129x100.png/cc0000/ffffff
1008,curabitur,eu pede,http://dummyimage.com/139x100.png/cc0000/ffffff
1009,lobortis,feugiat,http://dummyimage.com/160x100.png/ff4444/ffffff
1010,nulla,nisl nunc,http://dummyimage.com/179x100.png/dddddd/000000
